{"Epoch": 999, "Loss": 0.2761859874482508, "Eval Loss": 1.9499412775039673, "_timestamp": 1698312883.098173, "_runtime": 947.6049180030823, "_step": 999}